target,manifold_method,silhouette_score,svm_kernel,svm_accuracy,svm_precision,svm_recall
CVLT Long Delay,iso,-0.03560070959204561,poly,0.5714285714285714,0.7857142857142857,0.5714285714285714
Trails B (Population),iso,-0.027156524365277743,linear,0.47058823529411764,0.22145328719723184,0.47058823529411764
Trails B (Sample),iso,-0.01689265927888839,sigmoid,0.6190476190476191,0.7883597883597885,0.6190476190476191
Left Hippocampal Volume,iso,0.027886271228608733,rbf,0.7,0.7583333333333334,0.7
Corpus Callosum FA,pca,0.05962175489147254,linear,0.5555555555555556,0.6944444444444444,0.5555555555555556
Retrieval Network Edge Strength,pca,-0.0017597042584935757,sigmoid,0.6,0.6,0.6
