target,manifold_method,silhouette_score,svm_kernel,svm_accuracy,svm_precision,svm_recall
CVLT Long Delay,pca,0.047562754128888024,poly,0.7142857142857143,0.8285714285714285,0.7142857142857143
Trails B (Population),pca,-0.013533879302809408,poly,0.5882352941176471,0.780392156862745,0.5882352941176471
Trails B (Sample),pca,-0.011208919261585779,sigmoid,0.5714285714285714,0.6031746031746031,0.5714285714285714
Left Hippocampal Volume,pca,0.06755161482786573,sigmoid,0.75,0.8461538461538461,0.75
Corpus Callosum FA,iso,0.06817049071123389,linear,0.5555555555555556,0.6944444444444444,0.5555555555555556
Retrieval Network Edge Strength,iso,-0.009137906838136879,sigmoid,0.7,0.6952380952380952,0.7
