target,manifold_method,silhouette_score,svm_kernel,svm_accuracy,svm_precision,svm_recall
CVLT Long Delay,iso,0.02848581445630398,linear,0.7142857142857143,0.7142857142857143,0.7142857142857143
Trails B (Population),pca,-0.013176289804887659,poly,0.5294117647058824,0.5882352941176471,0.5294117647058824
Trails B (Sample),pca,-0.011780294875028121,poly,0.6190476190476191,0.6462585034013605,0.6190476190476191
Left Hippocampal Volume,iso,0.041319654531577,linear,0.6,0.65,0.6
Corpus Callosum FA,iso,0.06029787056429706,sigmoid,0.5,0.6615384615384616,0.5
Retrieval Network Edge Strength,iso,-0.016275537514922764,linear,0.5,0.5199999999999999,0.5
