target,manifold_method,silhouette_score,svm_kernel,svm_accuracy,svm_precision,svm_recall
CVLT Long Delay,pca,-0.01838872226170643,rbf,0.5714285714285714,0.7857142857142857,0.5714285714285714
Trails B (Population),pca,-0.019139297029333868,poly,0.47058823529411764,0.48190045248868785,0.47058823529411764
Trails B (Sample),pca,-0.0172945151878011,linear,0.5714285714285714,0.6449579831932772,0.5714285714285714
Left Hippocampal Volume,pca,0.06611187509935652,rbf,0.65,0.6848484848484848,0.65
Corpus Callosum FA,iso,0.09640634093364302,linear,0.5555555555555556,0.8095238095238095,0.5555555555555556
Retrieval Network Edge Strength,pca,0.01062414410211943,rbf,0.6,0.6,0.6
